<!DOCTYPE ui:UiBinder SYSTEM "http://dl.google.com/gwt/DTD/xhtml.ent">

<ui:UiBinder xmlns:ui='urn:ui:com.google.gwt.uibinder'
	xmlns:g='urn:import:com.google.gwt.user.client.ui' ui:generateFormat='com.google.gwt.i18n.rebind.format.PropertiesFormat'
	xmlns:d='urn:import:com.workpoint.mwallet.client.ui.component' xmlns:p='urn:import:com.workpoint.mwallet.client.ui.transactions'
	xmlns:table='urn:import:com.workpoint.mwallet.client.ui.transactions.table'
	ui:generateKeys='com.google.gwt.i18n.rebind.keygen.MD5KeyGenerator'
	ui:generateLocales='default'>

	<g:HTMLPanel styleName="activities-page">
		<g:HTMLPanel styleName="full-page" ui:field="divMainContainer">

			<g:HTMLPanel styleName="content-top" ui:field="divContentTop">
				<!--Action Buttons -->
				<div class="action-buttons row-fluid">
					<div class="span3 right-side">
						<div class="program-search">
							<div class="input-append">
								<d:TextField ui:field="txtSearchBox" placeholder="Search here"></d:TextField>
								<d:ActionLink styleName="icon-caret-down muted"
									ui:field="iFilterdropdown"></d:ActionLink>
								<d:ActionLink styleName="btn" ui:field="btnSearch">
									<i class="icon-search"></i>
								</d:ActionLink>
							</div>

							<g:HTMLPanel ui:field="divFilterBox" styleName="hide search-box">
							</g:HTMLPanel>

						</div>
					</div>

					<div class="span9">
						<div class="span3">
							<d:ActionLink ui:field="aRefresh" styleName="btn btn-primary"
								dataToggle="tooltip">
								Refresh
							</d:ActionLink>
						</div>

						<div class="span3 hide">
							<d:ActionLink ui:field="aBack" styleName="btn btn-default"
								dataToggle="tooltip" dataPlacement="bottom" title="Back">
								<i class="icon-google-back icon-button"></i>
							</d:ActionLink>
						</div>

					</div>
				</div>


				<div class="row-fluid">
					<p:TransactionsHeader ui:field="headerContainer"></p:TransactionsHeader>
				</div>

				<!-- BreadCrumb Panel -->
				<g:HTMLPanel styleName="row-fluid" ui:field="panelCrumbs">
				</g:HTMLPanel>
			</g:HTMLPanel>


			<div class="row-fluid full-page content-body">

				<g:HTMLPanel ui:field="divNoContent" styleName="hidden">
					<i class="icon-warning-sign helper-font-16"></i>
					<span class="helper-font-16">
						No Programs Added. Click
						<a>Create Program</a>
						to get started
					</span>
				</g:HTMLPanel>


				<g:HTMLPanel ui:field="divMiddleContent" styleName="tabbable tabs-below full-page">

					<d:MyHTMLPanel styleName="tab-content" ui:field="divProgramsTable">
						<g:HTMLPanel>
							<div ui:field="divTab1Content" class="tab-pane fade in active">
								<table:TransactionTable ui:field="tblView">
								</table:TransactionTable>
							</div>
						</g:HTMLPanel>
					</d:MyHTMLPanel>

					<g:HTMLPanel styleName="row-fluid tab-body hide"
						ui:field="divContentBottom">
						<div class="span2 controllers hide">
							<d:ActionLink ui:field="aShow" styleName="span3">
								<span class="icon-align-justify helper-font-16"></span>
							</d:ActionLink>
						</div>

						<div class="span10 tabs-container">
							<d:BulletListPanel ui:field="listPanel"
								styleName="nav nav-tabs">
							</d:BulletListPanel>
						</div>
						<div class="span2 controllers">
							<d:ActionLink ui:field="aLeft" styleName="span3"
								dataPlacement="top" title="Scroll Left">
								<span class="icon-caret-left helper-font-16"></span>
							</d:ActionLink>
							<d:ActionLink ui:field="aRight" styleName="span3"
								dataPlacement="top" title="Scroll Right">
								<span class="icon-caret-right helper-font-16"></span>
							</d:ActionLink>
						</div>
					</g:HTMLPanel>
				</g:HTMLPanel>
			</div>

		</g:HTMLPanel>
	</g:HTMLPanel>
</ui:UiBinder>
