<!DOCTYPE ui:UiBinder SYSTEM "http://dl.google.com/gwt/DTD/xhtml.ent">

<ui:UiBinder xmlns:ui='urn:ui:com.google.gwt.uibinder'
	xmlns:g='urn:import:com.google.gwt.user.client.ui' ui:generateFormat='com.google.gwt.i18n.rebind.format.PropertiesFormat'
	ui:generateKeys='com.google.gwt.i18n.rebind.keygen.MD5KeyGenerator'
	ui:generateLocales='default'>

	<g:HTMLPanel>
		<div class="content-body users-panel">
			<div class="row-fluid">
				<!--Action Buttons -->
				<div class="action-buttons">
					<g:Anchor ui:field="aNewUser" styleName="btn btn-primary"
						title="Add a New User">
						<i class="icon-plus"></i>
						Add User
					</g:Anchor>

					<g:Anchor ui:field="aNewGroup" styleName="btn btn-primary hide"
						title="Add a New Group">
						<i class="icon-plus"></i>
						Add Group
					</g:Anchor>
				</div>

				<ul id="mytab" class="nav nav-tabs">
					<li class="active" ui:field="liUser">
						<g:Anchor href="#user" ui:field="aUserstab">Users</g:Anchor>
					</li>
					<li ui:field="liGroup">
						<g:Anchor href="#groups" ui:field="aGroupstab">Groups</g:Anchor>
					</li>
				</ul>

				<div id="usercontent" class="tab-content">
					<!-- User's Information Tab -->
					<div ui:field="divUserContent" class="tab-pane fade in active">
						<div class="table table-hover table-striped table-bordered">
							<div class="thead">
								<div class="tr">
									<div class="th">
										<input type="checkbox"></input>
									</div>
									<div class="th">First Name</div>
									<div class="th">Last Name</div>
									<div class="th">Username</div>
									<div class="th">Email</div>
									<div class="th">Group</div>
									<div class="th">Client Code</div>
									<div class="th">Actions</div>
								</div>
							</div>


							<g:HTMLPanel ui:field="panelUsers" styleName="tbody"><!-- div 
									class="tbody" -->
							</g:HTMLPanel><!--End Tbody -->

						</div><!--End Table -->

						<div class="row-fluid hidden">
							<div class="span6">
								<div class="dataTables_info hidden" id="sample-table-2_info">Showing 1 to 10 of 23
									entries</div>
							</div>
							<div class="span6">
								<div class="pull-right">
									<ul class="pagination">
										<li class="prev disabled">
											<a href="#">
												<i class="icon-double-angle-left"></i>
											</a>
										</li>
										<li class="active">
											<a href="#">1</a>
										</li>
										<li>
											<a href="#">2</a>
										</li>
										<li>
											<a href="#">3</a>
										</li>
										<li class="next">
											<a href="#">
												<i class="icon-double-angle-right"></i>
											</a>
										</li>
									</ul>
								</div>
							</div>
						</div>
					</div>

					<!-- Group's Table -->
					<div ui:field="divGroupContent" class="tab-pane fade">
						<div class="table table-hover table-striped table-bordered">
							<div class="thead">
								<div class="tr">
									<div class="th">
										<label>
											<input type="checkbox" class="ace" />
										</label>
									</div>
									<div class="th">Code</div>
									<div class="th">Group Name</div>
									<div class="th">Actions</div>
								</div>
							</div>


							<g:HTMLPanel ui:field="panelGroup" styleName="tbody"><!-- div 
									class="tbody" -->
							</g:HTMLPanel><!--End Tbody -->
						</div><!--End Table -->
					</div>
				</div>
			</div>
		</div>
	</g:HTMLPanel>
</ui:UiBinder>
