<!DOCTYPE ui:UiBinder SYSTEM "http://dl.google.com/gwt/DTD/xhtml.ent">

<ui:UiBinder xmlns:ui='urn:ui:com.google.gwt.uibinder'
	xmlns:g='urn:import:com.google.gwt.user.client.ui' xmlns:d='urn:import:com.workpoint.mwallet.client.ui.component'
	xmlns:a='urn:import:com.workpoint.mwallet.client.ui.component.autocomplete'
	xmlns:up='urn:import:com.workpoint.mwallet.client.ui.upload.custom'
	ui:generateFormat='com.google.gwt.i18n.rebind.format.PropertiesFormat'
	ui:generateKeys='com.google.gwt.i18n.rebind.keygen.MD5KeyGenerator'
	ui:generateLocales='default'>

	<g:PopupPanel glassEnabled="true" styleName="modal modal-admin"
		modal="true" ui:field="AddUserDialog">
		<g:HTMLPanel styleName="full-page">
			<g:HTMLPanel styleName="modal-header">
				<h5>
					<i class="icon-cogs"></i>
					<span ui:field="header">New User</span>
					<g:Anchor ui:field="aClose">
						<i class="icon-remove pull-right" />
					</g:Anchor>
				</h5>
			</g:HTMLPanel>
			<d:IssuesPanel ui:field="issues">
			</d:IssuesPanel>

			<g:HTMLPanel styleName="modal-body">
				<g:HTMLPanel styleName="hide" ui:field="divUserDetails">
					<div class="control-group" ui:field="divImport">
						<div class="controls">
							<label for="Names">
								<b>Client Code:</b>
							</label>
							<div class="input-append">
								<d:TextField ui:field="txtSearchBox" placeholder="eg: Enter Client Code">
								</d:TextField>
								<d:ActionLink ui:field="aPickUser" styleName="btn btn-primary">
									Search
								</d:ActionLink>
							</div>
							<span ui:field="spnMessage">
							</span>
						</div>
					</div>

					<div class="control-group">
						<div class="controls">
							<label for="Names">
								<b>Names:</b>
							</label>
							<d:TextField ui:field="txtFirstname" type="text"
								class="input-medium" placeholder="First Name" />
							<d:TextField ui:field="txtLastname" type="text"
								class="input-medium" placeholder="Last Name" />
						</div>
					</div>

					<div class="control-group">
						<div class="controls">
							<label for="Username">
								<b>Username:</b>
							</label>
							<d:TextField ui:field="txtUserName" type="text"
								class="input-large" placeholder="" disabled="false" />
						</div>
					</div>
					<div class="control-group">
						<div class="controls">
							<label for="Email">
								<b>Email:</b>
							</label>
							<d:TextField ui:field="txtEmail" type="email" class="input-large"
								placeholder="Email" />
						</div>
					</div>
					
					<div class="control-group">
						<div class="controls">
							<label for="Email">
								<b>Phone Number:</b>
							</label>
							<d:TextField ui:field="txtPhone" type="text" class="input-large"
								placeholder="" />
						</div>
					</div>
					

					<div class="control-group">
						<label for="ProcessName">
							<b>Password:</b>
						</label>
						<d:PasswordField ui:field="txtPassword" type="password"
							class="form-control" placeholder="Password" />
					</div>

					<div class="control-group">
						<label class="control-label">
							<b>Confirm Password:</b>
						</label>
						<d:PasswordField ui:field="txtConfirmPassword"
							type="password" class="form-control" placeholder="Confirm Password" />
					</div>

					<div class="control-group">
						<label class="control-label">
							<b>User Image</b>
						</label>
						<g:HTMLPanel ui:field="uploadPanel">
							<up:Uploader ui:field="uploader"></up:Uploader>
						</g:HTMLPanel>
					</div>

					<div class="control-group">
						<label class="control-label">
							<b>Group:</b>
						</label>
						<a:AutoCompleteField ui:field="lstGroups" />
					</div>
				</g:HTMLPanel>
			</g:HTMLPanel>

			<div class="form-actions" ui:field="divUserSave">
				<g:Anchor ui:field="aSaveUser" styleName="btn btn-primary pull-left">
					Save&nbsp;
					<i class="icon-double-angle-right"></i>
				</g:Anchor>
			</div>

			<g:HTMLPanel styleName="hide" ui:field="divGroupDetails">
				<g:HTMLPanel styleName="modal-body">
					<div class="form-group">
						<label for="ProcessName">Group Name:</label>
						<d:TextField ui:field="txtGroupname" class="form-control"
							placeholder="Group Name" />
					</div>

					<div class="form-group">
						<label for="ProcessDescription">Description:</label>
						<d:TextArea ui:field="txtDescription" class="form-control"
							rows="3"></d:TextArea>
					</div>

					<!-- div class="form-group"> <label for="ProcessName">Users:</label> 
						<d:TextField ui:field="txtUsers" type="users" class="form-control" placeholder="Email"/> 
						</div -->
				</g:HTMLPanel>

				<div class="form-actions">
					<g:Anchor ui:field="aSaveGroup" styleName="btn btn-primary pull-left">
						Save&nbsp;
						<i class="icon-double-angle-right"></i>
					</g:Anchor>
				</div>
			</g:HTMLPanel>
		</g:HTMLPanel>
	</g:PopupPanel>
</ui:UiBinder>
