<!DOCTYPE ui:UiBinder SYSTEM "http://dl.google.com/gwt/DTD/xhtml.ent">
<ui:UiBinder xmlns:ui="urn:ui:com.google.gwt.uibinder"
	xmlns:d='urn:import:com.workpoint.mwallet.client.ui.component' xmlns:g="urn:import:com.google.gwt.user.client.ui">
	<g:HTMLPanel>
		<div class="row-fluid">
			<d:TextField ui:field="txtSearchBox" placeholder="Client Code">
			</d:TextField>
			<d:ActionLink styleName="btn" ui:field="btnSearch">
				<i class="icon-search"></i>
			</d:ActionLink>
		</div>

		<div class="row-fluid">
			<d:TableView ui:field="tblView" striped="false" isGrid="false"
				bordered="true" autoNumber="false">
			</d:TableView>
		</div>
	</g:HTMLPanel>
</ui:UiBinder> 