<!DOCTYPE ui:UiBinder SYSTEM "http://dl.google.com/gwt/DTD/xhtml.ent">

<ui:UiBinder xmlns:ui='urn:ui:com.google.gwt.uibinder'
	xmlns:g='urn:import:com.google.gwt.user.client.ui' ui:generateFormat='com.google.gwt.i18n.rebind.format.PropertiesFormat'
	ui:generateKeys='com.google.gwt.i18n.rebind.keygen.MD5KeyGenerator'
	xmlns:d="urn:import:com.workpoint.mwallet.client.ui.component"
	ui:generateLocales='default'>

	<g:HTMLPanel styleName="home-reports content-body overflow-y">
		<div class="content-header">
			<h3>
				<span class="icon-dashboard"></span>
				&nbsp;
				<span>Dashboard</span>
			</h3>
		</div>

		<div class="row-fluid top-section section">
			<div class="span4">
				<a class="dashboard-stat tertiary">
					<div class="visual">
						<!-- <i class="icon-money"></i> -->
					</div> <!-- /.visual -->

					<div class="details">
						<span class="content-block">Money In</span>
						<span class="value" ui:field="spnTotalFunding">
							10,500
						</span>
					</div> <!-- /.details -->

					<!-- <i class="icon-play-circle more"></i> -->

				</a> <!-- /.dashboard-stat -->

			</div> <!-- /.col-md-3 -->

			<div class="span4">
				<a class="dashboard-stat primary">
					<div class="visual">
						<!-- <i class="icon-folder-open"></i> -->
					</div> <!-- /.visual -->

					<div class="details">
						<span class="content-block">Total Transactions</span>
						<span class="value" ui:field="spnActual">
						24
						</span>
					</div> <!-- /.details -->

					<!-- <i class="icon-play-circle more"></i> -->

				</a> <!-- /.dashboard-stat -->

			</div> <!-- /.col-md-3 -->

			<div class="span4">
				<a class="dashboard-stat secondary">
					<div class="visual">
						<!-- <i class="icon-certificate"></i> -->
					</div> <!-- /.visual -->

					<div class="details">
						<span class="content-block">Merchants</span>
						<span class="value" ui:field="spnRemaining">
						15
						</span>
					</div> <!-- /.details -->

					<!-- <i class="icon-play-circle more"></i> -->

				</a> <!-- /.dashboard-stat -->

			</div> <!-- /.col-md-3 -->
		</div>

		<div class="row-fluid middle-section section">
			<div class="span6">
				<div class="portlet">
					<div class="portlet-header">
						<h3>
							<i class="icon-bar-chart"></i>
							Top Ten Merchants
						</h3>
					</div>
					<g:HTMLPanel styleName="portlet-content" ui:field="panelTotalRequestsPerDoc3">
						<!-- <d:TableView ui:field="tblBudgetAnalysis" striped="true" -->
						<!-- isGrid="false" bordered="false" autoNumber="false"> -->
						<!-- </d:TableView> -->

						<div class="table table-striped table-hover">
							<div class="thead">
								<div class="tr">
									<div class="th">
										<span class="gwt-InlineLabel">Business Name</span>
									</div>
									<div class="th">
										<span class="gwt-InlineLabel">Amount(Ksh)</span>
									</div>
								</div>
							</div>
							<div class="tbody">
								<div class="tr">
									<div class="td">
										<a class="gwt-Anchor reports-program-link" href="#home;page=activities;activity=1">KAU 569M</a>
									</div>
									<div class="td background-purple text-right">
										<span class="gwt-InlineLabel">10,000</span>
									</div>
								</div>
								<div class="tr">
									<div class="td">
										<a class="gwt-Anchor reports-program-link" href="#home;page=activities;activity=1">KAU 569M</a>
									</div>
									<div class="td text-right">
										<span class="gwt-InlineLabel">10,000</span>
									</div>
								</div>
								<div class="tr">
									<div class="td">
										<a class="gwt-Anchor reports-program-link" href="#home;page=activities;activity=1">KAU 569M</a>
									</div>
									<div class="td text-right">
										<span class="gwt-InlineLabel">10,000</span>
									</div>
								</div>
							</div>
							<div class="tbody"></div>
						</div>
					</g:HTMLPanel>
				</div>
			</div>

			<div class="span6">
				<div class="portlet">
					<div class="portlet-header">
						<h3>
							<i class="icon-bar-chart"></i>
							Money In Per Merchant
						</h3>
					</div>

					<g:HTMLPanel styleName="portlet-content" ui:field="panelTurnAroundTime">
						<span class="muted">Distribution of budgets amongst LWF Programs</span>
						<!-- <c:PieChart ui:field="pieChartBudget"></c:PieChart> -->
					</g:HTMLPanel>
				</div>
			</div>
		</div>
	</g:HTMLPanel>

</ui:UiBinder>
