<!DOCTYPE ui:UiBinder SYSTEM "http://dl.google.com/gwt/DTD/xhtml.ent">

<ui:UiBinder xmlns:ui='urn:ui:com.google.gwt.uibinder'
	xmlns:g='urn:import:com.google.gwt.user.client.ui' xmlns:v='urn:import:com.workpoint.mwallet.client.ui.component'
	ui:generateFormat='com.google.gwt.i18n.rebind.format.PropertiesFormat'
	ui:generateKeys='com.google.gwt.i18n.rebind.keygen.MD5KeyGenerator'
	ui:generateLocales='default'>

	<g:HTMLPanel styleName="login-bg">
		<g:HTMLPanel styleName="row-fluid login-wrapper">
			<a href="#" class="brand">
				<!-- <g:Image ui:field="imgLogo" url="img/logo.png"></g:Image> -->
				<a class="brand" href="#">M-Wallet</a>
			</a>
			<g:HTMLPanel styleName="span4 box" ui:field="loadingbox">
				<div class="content-wrap">
					<h6>Log in</h6>
					<span class="hide loadingtext" ui:field="loading">
						<i class="icon-spinner icon-spin icon-large"></i>
						Logging In...
					</span>
					<v:IssuesPanel ui:field="issues">
					</v:IssuesPanel>
					<g:TextBox ui:field="username" styleName="span12"></g:TextBox>
					<g:PasswordTextBox ui:field="password" styleName="span12"></g:PasswordTextBox>
					<a href="#" class="forgot hidden">Forgot password?</a>
					<div class="remember">
						<input id="remember-me" type="checkbox"></input>
						<label for="remember-me">Keep me Signed In</label>
					</div>
					<g:Anchor ui:field="aLogin" styleName="btn-glow primary login">Log in</g:Anchor>
				</div>
			</g:HTMLPanel>
		</g:HTMLPanel>
	</g:HTMLPanel>
</ui:UiBinder>
