<!DOCTYPE ui:UiBinder SYSTEM "http://dl.google.com/gwt/DTD/xhtml.ent">
<ui:UiBinder xmlns:ui="urn:ui:com.google.gwt.uibinder"
	xmlns:d="urn:import:com.workpoint.mwallet.client.ui.component" xmlns:g="urn:import:com.google.gwt.user.client.ui">

	<d:BulletPanel ui:field="liItem">
		<g:HTMLPanel>
			<d:ActionLink href="#" ui:field="aLink" styleName=""
				dataToggle="tooltip" dataPlacement="top">Home</d:ActionLink>
			<span class="divider icon-caret-right muted" ui:field="spnDivider"></span>
		</g:HTMLPanel>
	</d:BulletPanel>
</ui:UiBinder> 