<!DOCTYPE ui:UiBinder SYSTEM "http://dl.google.com/gwt/DTD/xhtml.ent">
<ui:UiBinder xmlns:ui="urn:ui:com.google.gwt.uibinder"
	 xmlns:wiradate="urn:import:com.workpoint.mwallet.client.ui.component"
	 xmlns:g="urn:import:com.google.gwt.user.client.ui">
	<g:HTMLPanel>
		<div class="row-fluid">
			<div class="span6">
				<div class="input-group">
					<wiradate:DateBoxEx ui:field="dateInput1" styleName="form-control"></wiradate:DateBoxEx>
					<g:InlineLabel styleName="input-group-addon"
						ui:field="spnCalendar1"></g:InlineLabel>
				</div>
			</div>
			<div class="span6">
				<div class="input-group">
					<wiradate:DateBoxEx ui:field="dateInput2" styleName="form-control"></wiradate:DateBoxEx>
					<g:InlineLabel styleName="input-group-addon"
						ui:field="spnCalendar2"></g:InlineLabel>
				</div>
			</div>
		</div>
	</g:HTMLPanel>
</ui:UiBinder> 