<!DOCTYPE ui:UiBinder SYSTEM "http://dl.google.com/gwt/DTD/xhtml.ent">

<ui:UiBinder xmlns:ui='urn:ui:com.google.gwt.uibinder'
	xmlns:g='urn:import:com.google.gwt.user.client.ui'
	ui:generateFormat='com.google.gwt.i18n.rebind.format.PropertiesFormat'
	ui:generateKeys='com.google.gwt.i18n.rebind.keygen.MD5KeyGenerator'
	ui:generateLocales='default'>
	
	<g:HTMLPanel styleName="tr">
			<g:HTMLPanel styleName="td">
				<label>
					<input type="checkbox"/>
				</label>
			</g:HTMLPanel>
			<g:HTMLPanel ui:field="panelFirstName" styleName="td">Tom</g:HTMLPanel>
			<g:HTMLPanel ui:field="panelLastName" styleName="td">Kimani</g:HTMLPanel>
			<g:HTMLPanel ui:field="panelUserName" styleName="td">Kimani</g:HTMLPanel>
			<g:HTMLPanel ui:field="panelEmail" styleName="td">tosh0948@gmail.com</g:HTMLPanel>
			<g:HTMLPanel ui:field="panelGroups" styleName="td">HOD_Development</g:HTMLPanel>
			<g:HTMLPanel ui:field="panelLinkCode" styleName="td"></g:HTMLPanel>
			<g:HTMLPanel styleName="td">
				<div class="action-commands">										
					<g:Anchor styleName="btn btn-success" ui:field="aEdit">
						<i class="icon-pencil helper-14"></i>
					</g:Anchor>
					<g:Anchor styleName="btn btn-danger" ui:field="aDelete">
						<i class="icon-trash"></i>
					</g:Anchor>
				</div>
		</g:HTMLPanel>
    </g:HTMLPanel>
   
</ui:UiBinder>
