<?xml version='1.0' encoding='UTF-8'?>
<module rename-to='mwallet2'>
	<!-- Inherit the core Web Toolkit stuff.                        -->
	<inherits name='com.google.gwt.user.User'/>
	<inherits name='com.google.gwt.inject.Inject'/>
	<inherits name='com.google.gwt.resources.Resources'/>

	<!-- Inherit the default GWT style sheet.  You can change       -->
	<!-- the theme of your GWT application by uncommenting          -->
	<!-- any one of the following lines.                            -->
	<inherits name='com.google.gwt.user.theme.standard.Standard'/>
	<!-- <inherits name='com.google.gwt.user.theme.chrome.Chrome'/> -->
	<!-- <inherits name='com.google.gwt.user.theme.dark.Dark'/>     -->

	<!-- Include GWTUpload library -->
	 <inherits name="gwtupload.GWTUpload"/>
	  
	<!-- Other module inherits                                      -->
	<!-- Include GWTUpload library -->
	<inherits name='com.gwtplatform.mvp.Mvp'/>
	<inherits name='com.gwtplatform.dispatch.Dispatch'/>
	<inherits name="gwtupload.GWTUpload"/>

	<!-- Specify the app entry point class.                         -->
	<entry-point class='com.workpoint.mwallet.client.MWallet2'/>

	<!-- Specify the paths for translatable code                    -->
	<source path='client'/>
	<source path='shared'/>

	<define-configuration-property name='gin.ginjector' is-multi-valued='false' />
	<set-configuration-property name='gin.ginjector' value='com.workpoint.mwallet.client.gin.ClientGinjector' />

</module>