<!DOCTYPE ui:UiBinder SYSTEM "http://dl.google.com/gwt/DTD/xhtml.ent">
<ui:UiBinder xmlns:ui="urn:ui:com.google.gwt.uibinder"
    xmlns:g="urn:import:com.google.gwt.user.client.ui"
    ui:generateFormat="com.google.gwt.i18n.rebind.format.PropertiesFormat"
    ui:generateKeys="com.google.gwt.i18n.rebind.keygen.MD5KeyGenerator"
    ui:generateLocales="default" >

   <g:HTMLPanel>
       <span ui:field="spnErrorDate"></span>
       &nbsp;&nbsp;
       <span ui:field="spnUserAgent"></span>
       &nbsp;&nbsp;
       <span ui:field="spnAddress"></span>
       <br/>
       <span ui:field="spnMessage"></span>
       <br/>
       <span ui:field="spnStack"></span>
       
   </g:HTMLPanel>
</ui:UiBinder>