<!DOCTYPE ui:UiBinder SYSTEM "http://dl.google.com/gwt/DTD/xhtml.ent">
<ui:UiBinder xmlns:ui='urn:ui:com.google.gwt.uibinder'
	xmlns:g='urn:import:com.google.gwt.user.client.ui' ui:generateFormat='com.google.gwt.i18n.rebind.format.PropertiesFormat'
	ui:generateKeys='com.google.gwt.i18n.rebind.keygen.MD5KeyGenerator'
	xmlns:d='urn:import:com.workpoint.mwallet.client.ui.component'
	ui:generateLocales='default'>

	<g:HTMLPanel styleName="row-fluid main-container no-overflow-x">
		<g:HTMLPanel ui:field="mainContainer" styleName="full-page">
			
			<div class="span2 sidebar-nav hidden-phone" id="sidebar-nav">
				<ul class="nav nav-tabs nav-stacked" id="dashboard-menu">
					<li class="side-user hide">
						<g:Image styleName="img-circle" ui:field="imgUser"></g:Image>
						<!-- img class="img-circle" src="img/me.jpg" alt=""/ -->
						<!--p class="welcome"> <i class="fa fa-key"></i> Logged in as </p -->
						<p class="name tooltip-sidebar-logout">

							<span class="last-name" ui:field="spnUser"></span>
							<a style="color: inherit" class="logout_open" href="#logout"
								data-toggle="tooltip" data-placement="top" title="Logout"
								data-popup-ordinal="1" id="open_85617309">
								<i class="icon-sign-out"></i>
							</a>
						</p>
						<div class="clearfix"></div>
					</li>
					<li class="active" ui:field="liDashboard">
						<g:Anchor href='#home;page=dashboard' ui:field='aHome'>
							<i class="icon-dashboard"></i>
							Dashboard
						</g:Anchor>
					</li>

					<li ui:field="liTills">
						<g:Anchor href='#home;page=tills' ui:field='aActivities'>
							<i class="icon-tasks"></i>
							Tills
						</g:Anchor>
					</li>
					<li ui:field="liTransactions">
						<a href='#home;page=transactions'>
							<i class="icon-money"></i>
							Transactions
						</a>
					</li>
					
					<li ui:field="liUsers">
						<a href='#home;page=users'>
							<i class="icon-group"></i>
							Users
						</a>
					</li>
					
					<li ui:field="liSettings">
						<a href='#home;page=settings'>
							<i class="icon-cogs"></i>
							Settings
						</a>
					</li>
				</ul>
			</div>

			<g:HTMLPanel ui:field="activityContainer"
				styleName="content-right span10 no-overflow-y no-overflow-x">
			</g:HTMLPanel>

			<g:HTMLPanel ui:field="taskContainer"
				styleName="content-right span10 no-overflow-y no-overflow-x hide">
				<!--middle navigation -->
				<div class="span2 hidden-phone" id="middle-nav">
					<div class="nav-top">
						<i class="icon-tag"></i>
						<h5 ui:field="hCategory"></h5>
						<br />
					</div>

					<div ui:field="divDocListing">
						<div class="content-nav row-fluid">
							<d:BulletListPanel ui:field="ulTaskGroups" cssId="navigation-menu">
							</d:BulletListPanel>
							<g:InlineLabel ui:field="spnNoItems"></g:InlineLabel>
						</div>
					</div>
				</div>

				<!--Detailed Info(Generic document View) -->
				<d:MyHTMLPanel ui:field="docContainer" styleName="full-page span10" cssId="detailed-info">
				</d:MyHTMLPanel>
			</g:HTMLPanel>

		</g:HTMLPanel>
	</g:HTMLPanel>
	<!--End of Container -->
</ui:UiBinder>