<!DOCTYPE ui:UiBinder SYSTEM "http://dl.google.com/gwt/DTD/xhtml.ent">

<ui:UiBinder xmlns:ui='urn:ui:com.google.gwt.uibinder'
	xmlns:d='urn:import:com.workpoint.mwallet.client.ui.component' xmlns:g='urn:import:com.google.gwt.user.client.ui'
	xmlns:a='urn:import:com.workpoint.mwallet.client.ui.component.autocomplete'
	xmlns:t='urn:import:com.workpoint.mwallet.client.ui.component.tabs'
	ui:generateFormat='com.google.gwt.i18n.rebind.format.PropertiesFormat'
	ui:generateKeys='com.google.gwt.i18n.rebind.keygen.MD5KeyGenerator'
	ui:generateLocales='default'>

	<g:HTMLPanel>
		<!-- BreadCrump -->
		<d:BulletListPanel styleName="breadcrumb" ui:field="crumbContainer">
		</d:BulletListPanel>

		<d:IssuesPanel ui:field="issues">
		</d:IssuesPanel>

		<t:TabPanel ui:field="divTabs">
		</t:TabPanel>
	</g:HTMLPanel>

</ui:UiBinder>

