<!DOCTYPE ui:UiBinder SYSTEM "http://dl.google.com/gwt/DTD/xhtml.ent">
<ui:UiBinder xmlns:ui="urn:ui:com.google.gwt.uibinder"
	xmlns:a='urn:import:com.workpoint.mwallet.client.ui.component.autocomplete'
	xmlns:g="urn:import:com.google.gwt.user.client.ui">
	<g:HTMLPanel>
		<fieldset>
			<div class="control-group">
				<div class="control-label" ui:field="divActivityName">Till Owner:</div>
				<div class="controls">
					<a:AutoCompleteField ui:field="aOwners"/>
				</div>
			</div>

			<div class="control-group">
				<div class="control-label" ui:field="divTill">Till Cashier:</div>
				<div class="controls">
					<a:AutoCompleteField ui:field="aCashiers" />
				</div>
			</div>

			<div class="control-group">
				<div class="control-label" ui:field="divPhone">Till SalesPerson:</div>
				<div class="controls">
					<a:AutoCompleteField ui:field="aSalesPersons" />
				</div>
			</div>
		</fieldset>
	</g:HTMLPanel>
</ui:UiBinder> 