<!DOCTYPE ui:UiBinder SYSTEM "http://dl.google.com/gwt/DTD/xhtml.ent">
<ui:UiBinder xmlns:ui="urn:ui:com.google.gwt.uibinder"
	xmlns:g="urn:import:com.google.gwt.user.client.ui" xmlns:d="urn:import:com.workpoint.mwallet.client.ui.component">
	<g:HTMLPanel styleName="tr" ui:field="row">
		<g:HTMLPanel styleName="td">
			<g:CheckBox ui:field="chkSelect"></g:CheckBox>
		</g:HTMLPanel>
		<g:HTMLPanel styleName="td" ui:field="divBusinessName">
		</g:HTMLPanel>
		<g:HTMLPanel styleName="td" ui:field="divtillNo">
		</g:HTMLPanel>
		<g:HTMLPanel styleName="td" ui:field="divphoneNo">
		</g:HTMLPanel>
		<g:HTMLPanel styleName="td" ui:field="divOwner">
		</g:HTMLPanel>
		<g:HTMLPanel styleName="td" ui:field="divAcquirer">
		</g:HTMLPanel>
		<g:HTMLPanel styleName="td" ui:field="divCashier">
		</g:HTMLPanel>
		<g:HTMLPanel styleName="td" ui:field="divStatus">
			<span class="label label-success" ui:field="spnStatus"></span>
		</g:HTMLPanel>
		<g:HTMLPanel styleName="td" ui:field="divlastModified">
		</g:HTMLPanel>
	</g:HTMLPanel>
</ui:UiBinder> 